src_ip,dst_ip,src_port,dst_port,protocol,bytes_sent,bytes_received,pkts_sent,pkts_received,duration_sec,avg_pkt_size,pkt_rate,syn_count,ack_count,fin_count,rst_count,psh_count,syn_ack_ratio,syn_fin_ratio,min_pkt_size,max_pkt_size,total_packets,total_bytes
8.8.8.8,10.207.139.196,0,0,ICMP,294,0,3,0,1.996652,98.00,1.50,0,0,0,0,0,0.000,0.000,98,98,3,294
127.0.0.1,127.0.0.1,0,0,ICMP,3920,0,40,0,0.001599,98.00,25015.63,0,0,0,0,0,0.000,0.000,98,98,40,3920
52.182.143.215,10.207.139.196,443,36814,TCP,74,0,1,0,0.000001,74.00,1000000.00,1,1,0,0,0,1.000,999.000,74,74,1,74
127.0.0.53,127.0.0.1,53,34172,UDP,486,0,2,0,0.000173,243.00,11560.69,0,0,0,0,0,0.000,0.000,235,251,2,486
140.82.112.22,10.207.139.196,443,45064,TCP,74,0,1,0,0.000001,74.00,1000000.00,1,1,0,0,0,1.000,999.000,74,74,1,74
127.0.0.53,127.0.0.1,53,48927,UDP,480,0,2,0,0.000095,240.00,21052.63,0,0,0,0,0,0.000,0.000,226,254,2,480
140.82.112.22,10.207.139.196,443,39500,TCP,74,0,1,0,0.000001,74.00,1000000.00,1,1,0,0,0,1.000,999.000,74,74,1,74
